<?xml version="1.0" encoding="UTF-8"?>
<GenRun Id="fifo_generator_in_ns_synth_1" LaunchPart="xc7k70tfbg484-1" LaunchTime="1564122772">
  <File Type="PA-TCL" Name="fifo_generator_in_ns.tcl"/>
  <File Type="REPORTS-TCL" Name="fifo_generator_in_ns_reports.tcl"/>
  <File Type="RDS-RDS" Name="fifo_generator_in_ns.vds"/>
  <File Type="RDS-UTIL" Name="fifo_generator_in_ns_utilization_synth.rpt"/>
  <File Type="RDS-UTIL-PB" Name="fifo_generator_in_ns_utilization_synth.pb"/>
  <File Type="RDS-DCP" Name="fifo_generator_in_ns.dcp"/>
  <FileSet Name="sources" Type="BlockSrcs" RelSrcDir="$PSRCDIR/fifo_generator_in_ns">
    <File Path="$PSRCDIR/sources_1/ip/fifo_generator_in_ns/fifo_generator_in_ns.xci">
      <FileInfo>
        <Attr Name="ImportPath" Val="E:/ryush/Documents/Project/Verilog/K7/K7_AD_DA_17.4/K7_AD_DA_17.4.srcs/sources_1/ip/fifo_generator_in_ns/fifo_generator_in_ns.xci"/>
        <Attr Name="ImportTime" Val="1564122770"/>
        <Attr Name="UsedIn" Val="synthesis"/>
        <Attr Name="UsedIn" Val="implementation"/>
        <Attr Name="UsedIn" Val="simulation"/>
      </FileInfo>
    </File>
    <Config>
      <Option Name="TopModule" Val="fifo_generator_in_ns"/>
      <Option Name="UseBlackboxStub" Val="1"/>
    </Config>
  </FileSet>
  <FileSet Name="constrs_in" Type="BlockSrcs" RelSrcDir="$PSRCDIR/fifo_generator_in_ns">
    <File Path="$PSRCDIR/sources_1/ip/fifo_generator_in_ns/fifo_generator_in_ns.xci">
      <FileInfo>
        <Attr Name="ImportPath" Val="E:/ryush/Documents/Project/Verilog/K7/K7_AD_DA_17.4/K7_AD_DA_17.4.srcs/sources_1/ip/fifo_generator_in_ns/fifo_generator_in_ns.xci"/>
        <Attr Name="ImportTime" Val="1564122770"/>
        <Attr Name="UsedIn" Val="synthesis"/>
        <Attr Name="UsedIn" Val="implementation"/>
        <Attr Name="UsedIn" Val="simulation"/>
      </FileInfo>
    </File>
    <Config>
      <Option Name="TopModule" Val="fifo_generator_in_ns"/>
      <Option Name="UseBlackboxStub" Val="1"/>
    </Config>
  </FileSet>
  <Strategy Version="1" Minor="2">
    <StratHandle Name="Vivado Synthesis Defaults" Flow="Vivado Synthesis 2017"/>
    <Step Id="synth_design"/>
  </Strategy>
</GenRun>
