<?xml version="1.0" encoding="UTF-8"?>
<GenRun Id="synth_1" LaunchPart="xc7k70tfbg484-1" LaunchTime="1564298399">
  <File Type="PA-TCL" Name="top.tcl"/>
  <File Type="REPORTS-TCL" Name="top_reports.tcl"/>
  <File Type="RDS-RDS" Name="top.vds"/>
  <File Type="RDS-UTIL" Name="top_utilization_synth.rpt"/>
  <File Type="RDS-UTIL-PB" Name="top_utilization_synth.pb"/>
  <File Type="RDS-DCP" Name="top.dcp"/>
  <FileSet Name="sources" Type="DesignSrcs" RelSrcDir="$PSRCDIR/sources_1">
    <Filter Type="Srcs"/>
    <File Path="$PSRCDIR/sources_1/new/AD9709_Data.v">
      <FileInfo>
        <Attr Name="ImportPath" Val="E:/ryush/Documents/Project/Verilog/K7/K7_AD_DA_17.4/K7_AD_DA_17.4.srcs/sources_1/new/AD9709_Data.v"/>
        <Attr Name="ImportTime" Val="1563761428"/>
        <Attr Name="UsedIn" Val="synthesis"/>
        <Attr Name="UsedIn" Val="implementation"/>
        <Attr Name="UsedIn" Val="simulation"/>
      </FileInfo>
    </File>
    <File Path="$PSRCDIR/sources_1/new/AD9709_Top.v">
      <FileInfo>
        <Attr Name="ImportPath" Val="E:/ryush/Documents/Project/Verilog/K7/K7_AD_DA_17.4/K7_AD_DA_17.4.srcs/sources_1/new/AD9709_Top.v"/>
        <Attr Name="ImportTime" Val="1563723330"/>
        <Attr Name="UsedIn" Val="synthesis"/>
        <Attr Name="UsedIn" Val="implementation"/>
        <Attr Name="UsedIn" Val="simulation"/>
      </FileInfo>
    </File>
    <File Path="$PSRCDIR/sources_1/new/ADS4226_CLK.v">
      <FileInfo>
        <Attr Name="ImportPath" Val="E:/ryush/Documents/Project/Verilog/K7/K7_AD_DA_17.4/K7_AD_DA_17.4.srcs/sources_1/new/ADS4226_CLK.v"/>
        <Attr Name="ImportTime" Val="1563720066"/>
        <Attr Name="UsedIn" Val="synthesis"/>
        <Attr Name="UsedIn" Val="implementation"/>
        <Attr Name="UsedIn" Val="simulation"/>
      </FileInfo>
    </File>
    <File Path="$PSRCDIR/sources_1/new/ADS4226_Data.v">
      <FileInfo>
        <Attr Name="ImportPath" Val="E:/ryush/Documents/Project/Verilog/K7/K7_AD_DA_17.4/K7_AD_DA_17.4.srcs/sources_1/new/ADS4226_Data.v"/>
        <Attr Name="ImportTime" Val="1563695100"/>
        <Attr Name="UsedIn" Val="synthesis"/>
        <Attr Name="UsedIn" Val="implementation"/>
        <Attr Name="UsedIn" Val="simulation"/>
      </FileInfo>
    </File>
    <File Path="$PSRCDIR/sources_1/new/ADS4226_Top.v">
      <FileInfo>
        <Attr Name="ImportPath" Val="E:/ryush/Documents/Project/Verilog/K7/K7_AD_DA_17.4/K7_AD_DA_17.4.srcs/sources_1/new/ADS4226_Top.v"/>
        <Attr Name="ImportTime" Val="1563720071"/>
        <Attr Name="UsedIn" Val="synthesis"/>
        <Attr Name="UsedIn" Val="implementation"/>
        <Attr Name="UsedIn" Val="simulation"/>
      </FileInfo>
    </File>
    <File Path="$PSRCDIR/sources_1/new/COSTAS_LOOP.v">
      <FileInfo>
        <Attr Name="ImportPath" Val="E:/ryush/Documents/Project/Verilog/K7/K7_AD_DA_17.4/K7_AD_DA_17.4.srcs/sources_1/new/COSTAS_LOOP.v"/>
        <Attr Name="ImportTime" Val="1564227438"/>
        <Attr Name="UsedIn" Val="synthesis"/>
        <Attr Name="UsedIn" Val="implementation"/>
        <Attr Name="UsedIn" Val="simulation"/>
      </FileInfo>
    </File>
    <File Path="$PSRCDIR/sources_1/new/DDS_SQUARE.v">
      <FileInfo>
        <Attr Name="ImportPath" Val="E:/ryush/Documents/Project/Verilog/K7/K7_AD_DA_17.4/K7_AD_DA_17.4.srcs/sources_1/new/DDS_SQUARE.v"/>
        <Attr Name="ImportTime" Val="1563267108"/>
        <Attr Name="UsedIn" Val="synthesis"/>
        <Attr Name="UsedIn" Val="implementation"/>
        <Attr Name="UsedIn" Val="simulation"/>
      </FileInfo>
    </File>
    <File Path="$PSRCDIR/sources_1/new/NO_DOWNSAMP.v">
      <FileInfo>
        <Attr Name="ImportPath" Val="E:/ryush/Documents/Project/Verilog/K7/K7_AD_DA_17.4/K7_AD_DA_17.4.srcs/sources_1/new/NO_DOWNSAMP.v"/>
        <Attr Name="ImportTime" Val="1564216985"/>
        <Attr Name="UsedIn" Val="synthesis"/>
        <Attr Name="UsedIn" Val="implementation"/>
        <Attr Name="UsedIn" Val="simulation"/>
      </FileInfo>
    </File>
    <File Path="$PSRCDIR/sources_1/new/NO_INTERPOLATION.v">
      <FileInfo>
        <Attr Name="ImportPath" Val="E:/ryush/Documents/Project/Verilog/K7/K7_AD_DA_17.4/K7_AD_DA_17.4.srcs/sources_1/new/NO_INTERPOLATION.v"/>
        <Attr Name="ImportTime" Val="1564217585"/>
        <Attr Name="UsedIn" Val="synthesis"/>
        <Attr Name="UsedIn" Val="implementation"/>
        <Attr Name="UsedIn" Val="simulation"/>
      </FileInfo>
    </File>
    <File Path="$PSRCDIR/sources_1/new/rstpulse.v">
      <FileInfo>
        <Attr Name="ImportPath" Val="E:/ryush/Documents/Project/Verilog/K7/K7_AD_DA_17.4/K7_AD_DA_17.4.srcs/sources_1/new/rstpulse.v"/>
        <Attr Name="ImportTime" Val="1563373322"/>
        <Attr Name="UsedIn" Val="synthesis"/>
        <Attr Name="UsedIn" Val="implementation"/>
        <Attr Name="UsedIn" Val="simulation"/>
      </FileInfo>
    </File>
    <File Path="$PSRCDIR/sources_1/new/top.v">
      <FileInfo>
        <Attr Name="ImportPath" Val="E:/ryush/Documents/Project/Verilog/K7/K7_AD_DA_17.4/K7_AD_DA_17.4.srcs/sources_1/new/top.v"/>
        <Attr Name="ImportTime" Val="1564296732"/>
        <Attr Name="UsedIn" Val="synthesis"/>
        <Attr Name="UsedIn" Val="implementation"/>
        <Attr Name="UsedIn" Val="simulation"/>
      </FileInfo>
    </File>
    <File Path="$PSRCDIR/sources_1/new/ADC_DRIVER.v">
      <FileInfo>
        <Attr Name="AutoDisabled" Val="1"/>
        <Attr Name="ImportPath" Val="E:/ryush/Documents/Project/Verilog/K7/K7_AD_DA_17.4/K7_AD_DA_17.4.srcs/sources_1/new/ADC_DRIVER.v"/>
        <Attr Name="ImportTime" Val="1563373322"/>
        <Attr Name="UsedIn" Val="synthesis"/>
        <Attr Name="UsedIn" Val="implementation"/>
        <Attr Name="UsedIn" Val="simulation"/>
      </FileInfo>
    </File>
    <File Path="$PSRCDIR/sources_1/new/DAC_DRIVER.v">
      <FileInfo>
        <Attr Name="AutoDisabled" Val="1"/>
        <Attr Name="ImportPath" Val="E:/ryush/Documents/Project/Verilog/K7/K7_AD_DA_17.4/K7_AD_DA_17.4.srcs/sources_1/new/DAC_DRIVER.v"/>
        <Attr Name="ImportTime" Val="1563373322"/>
        <Attr Name="UsedIn" Val="synthesis"/>
        <Attr Name="UsedIn" Val="implementation"/>
        <Attr Name="UsedIn" Val="simulation"/>
      </FileInfo>
    </File>
    <File Path="$PSRCDIR/sources_1/new/led_test.v">
      <FileInfo>
        <Attr Name="AutoDisabled" Val="1"/>
        <Attr Name="ImportPath" Val="E:/ryush/Documents/Project/Verilog/K7/K7_AD_DA_17.4/K7_AD_DA_17.4.srcs/sources_1/new/led_test.v"/>
        <Attr Name="ImportTime" Val="1563373322"/>
        <Attr Name="UsedIn" Val="synthesis"/>
        <Attr Name="UsedIn" Val="implementation"/>
        <Attr Name="UsedIn" Val="simulation"/>
      </FileInfo>
    </File>
    <File Path="$PSRCDIR/sources_1/new/top_costas_adc.v">
      <FileInfo>
        <Attr Name="AutoDisabled" Val="1"/>
        <Attr Name="ImportPath" Val="E:/ryush/Documents/Project/Verilog/K7/K7_AD_DA_17.4/K7_AD_DA_17.4.srcs/sources_1/new/top_costas_adc.v"/>
        <Attr Name="ImportTime" Val="1563597754"/>
        <Attr Name="UsedIn" Val="synthesis"/>
        <Attr Name="UsedIn" Val="implementation"/>
        <Attr Name="UsedIn" Val="simulation"/>
      </FileInfo>
    </File>
    <File Path="$PSRCDIR/sources_1/new/DOWNSAMP.v">
      <FileInfo>
        <Attr Name="AutoDisabled" Val="1"/>
        <Attr Name="ImportPath" Val="E:/ryush/Documents/Project/Verilog/K7/K7_AD_DA_17.4/K7_AD_DA_17.4.srcs/sources_1/new/DOWNSAMP.v"/>
        <Attr Name="ImportTime" Val="1563501667"/>
        <Attr Name="UsedIn" Val="synthesis"/>
        <Attr Name="UsedIn" Val="implementation"/>
        <Attr Name="UsedIn" Val="simulation"/>
      </FileInfo>
    </File>
    <File Path="$PSRCDIR/sources_1/new/HALF_AMP.v">
      <FileInfo>
        <Attr Name="AutoDisabled" Val="1"/>
        <Attr Name="ImportPath" Val="E:/ryush/Documents/Project/Verilog/K7/K7_AD_DA_17.4/K7_AD_DA_17.4.srcs/sources_1/new/HALF_AMP.v"/>
        <Attr Name="ImportTime" Val="1563373322"/>
        <Attr Name="UsedIn" Val="synthesis"/>
        <Attr Name="UsedIn" Val="implementation"/>
        <Attr Name="UsedIn" Val="simulation"/>
      </FileInfo>
    </File>
    <File Path="$PSRCDIR/sources_1/new/INTERPOLATION.v">
      <FileInfo>
        <Attr Name="AutoDisabled" Val="1"/>
        <Attr Name="ImportPath" Val="E:/ryush/Documents/Project/Verilog/K7/K7_AD_DA_17.4/K7_AD_DA_17.4.srcs/sources_1/new/INTERPOLATION.v"/>
        <Attr Name="ImportTime" Val="1563373322"/>
        <Attr Name="UsedIn" Val="synthesis"/>
        <Attr Name="UsedIn" Val="implementation"/>
        <Attr Name="UsedIn" Val="simulation"/>
      </FileInfo>
    </File>
    <File Path="$PSRCDIR/sources_1/new/top_zynq.v">
      <FileInfo>
        <Attr Name="AutoDisabled" Val="1"/>
        <Attr Name="ImportPath" Val="E:/ryush/Documents/Project/Verilog/K7/K7_AD_DA_17.4/K7_AD_DA_17.4.srcs/sources_1/new/top_zynq.v"/>
        <Attr Name="ImportTime" Val="1564120526"/>
        <Attr Name="UsedIn" Val="synthesis"/>
        <Attr Name="UsedIn" Val="implementation"/>
        <Attr Name="UsedIn" Val="simulation"/>
      </FileInfo>
    </File>
    <File Path="$PSRCDIR/sources_1/new/DDS_wrapper.v">
      <FileInfo>
        <Attr Name="AutoDisabled" Val="1"/>
        <Attr Name="ImportPath" Val="E:/ryush/Documents/Project/Verilog/K7/K7_AD_DA_17.4/K7_AD_DA_17.4.srcs/sources_1/new/DDS_wrapper.v"/>
        <Attr Name="ImportTime" Val="1563506035"/>
        <Attr Name="UsedIn" Val="synthesis"/>
        <Attr Name="UsedIn" Val="implementation"/>
        <Attr Name="UsedIn" Val="simulation"/>
      </FileInfo>
    </File>
    <File Path="$PSRCDIR/sources_1/new/DOWNSAMP_TRUNC.v">
      <FileInfo>
        <Attr Name="AutoDisabled" Val="1"/>
        <Attr Name="ImportPath" Val="E:/ryush/Documents/Project/Verilog/K7/K7_AD_DA_17.4/K7_AD_DA_17.4.srcs/sources_1/new/DOWNSAMP_TRUNC.v"/>
        <Attr Name="ImportTime" Val="1563516718"/>
        <Attr Name="UsedIn" Val="synthesis"/>
        <Attr Name="UsedIn" Val="implementation"/>
        <Attr Name="UsedIn" Val="simulation"/>
      </FileInfo>
    </File>
    <File Path="$PSRCDIR/sources_1/new/costas_top.v">
      <FileInfo>
        <Attr Name="AutoDisabled" Val="1"/>
        <Attr Name="ImportPath" Val="E:/ryush/Documents/Project/Verilog/K7/K7_AD_DA_17.4/K7_AD_DA_17.4.srcs/sources_1/new/costas_top.v"/>
        <Attr Name="ImportTime" Val="1563442037"/>
        <Attr Name="UsedIn" Val="synthesis"/>
        <Attr Name="UsedIn" Val="implementation"/>
        <Attr Name="UsedIn" Val="simulation"/>
      </FileInfo>
    </File>
    <File Path="$PSRCDIR/sources_1/new/filter_test_top.v">
      <FileInfo>
        <Attr Name="AutoDisabled" Val="1"/>
        <Attr Name="ImportPath" Val="E:/ryush/Documents/Project/Verilog/K7/K7_AD_DA_17.4/K7_AD_DA_17.4.srcs/sources_1/new/filter_test_top.v"/>
        <Attr Name="ImportTime" Val="1563520930"/>
        <Attr Name="UsedIn" Val="synthesis"/>
        <Attr Name="UsedIn" Val="implementation"/>
        <Attr Name="UsedIn" Val="simulation"/>
      </FileInfo>
    </File>
    <File Path="$PSRCDIR/sources_1/new/filter_test_top_tb.v">
      <FileInfo>
        <Attr Name="AutoDisabled" Val="1"/>
        <Attr Name="ImportPath" Val="E:/ryush/Documents/Project/Verilog/K7/K7_AD_DA_17.4/K7_AD_DA_17.4.srcs/sources_1/new/filter_test_top_tb.v"/>
        <Attr Name="ImportTime" Val="1563525694"/>
        <Attr Name="UsedIn" Val="synthesis"/>
        <Attr Name="UsedIn" Val="implementation"/>
        <Attr Name="UsedIn" Val="simulation"/>
      </FileInfo>
    </File>
    <File Path="$PSRCDIR/sources_1/new/top_nosp.v">
      <FileInfo>
        <Attr Name="AutoDisabled" Val="1"/>
        <Attr Name="ImportPath" Val="E:/ryush/Documents/Project/Verilog/K7/K7_AD_DA_17.4/K7_AD_DA_17.4.srcs/sources_1/new/top_nosp.v"/>
        <Attr Name="ImportTime" Val="1563445763"/>
        <Attr Name="UsedIn" Val="synthesis"/>
        <Attr Name="UsedIn" Val="implementation"/>
        <Attr Name="UsedIn" Val="simulation"/>
      </FileInfo>
    </File>
    <File Path="$PSRCDIR/sources_1/new/top_nosp_costas.v">
      <FileInfo>
        <Attr Name="AutoDisabled" Val="1"/>
        <Attr Name="ImportPath" Val="E:/ryush/Documents/Project/Verilog/K7/K7_AD_DA_17.4/K7_AD_DA_17.4.srcs/sources_1/new/top_nosp_costas.v"/>
        <Attr Name="ImportTime" Val="1563449110"/>
        <Attr Name="UsedIn" Val="synthesis"/>
        <Attr Name="UsedIn" Val="implementation"/>
        <Attr Name="UsedIn" Val="simulation"/>
      </FileInfo>
    </File>
    <File Path="$PSRCDIR/sources_1/new/top_nosp_costas_tb.v">
      <FileInfo>
        <Attr Name="AutoDisabled" Val="1"/>
        <Attr Name="ImportPath" Val="E:/ryush/Documents/Project/Verilog/K7/K7_AD_DA_17.4/K7_AD_DA_17.4.srcs/sources_1/new/top_nosp_costas_tb.v"/>
        <Attr Name="ImportTime" Val="1564222991"/>
        <Attr Name="UsedIn" Val="synthesis"/>
        <Attr Name="UsedIn" Val="implementation"/>
        <Attr Name="UsedIn" Val="simulation"/>
      </FileInfo>
    </File>
    <File Path="$PSRCDIR/sources_1/new/top_nosp_tb.v">
      <FileInfo>
        <Attr Name="AutoDisabled" Val="1"/>
        <Attr Name="ImportPath" Val="E:/ryush/Documents/Project/Verilog/K7/K7_AD_DA_17.4/K7_AD_DA_17.4.srcs/sources_1/new/top_nosp_tb.v"/>
        <Attr Name="ImportTime" Val="1563373322"/>
        <Attr Name="UsedIn" Val="synthesis"/>
        <Attr Name="UsedIn" Val="implementation"/>
        <Attr Name="UsedIn" Val="simulation"/>
      </FileInfo>
    </File>
    <File Path="E:/ryush/Documents/Project/Verilog/K7/K7_AD_DA_17.4/K7_AD_DA_17.4.srcs/sources_1/new/0frac.coe">
      <FileInfo>
        <Attr Name="UsedIn" Val="synthesis"/>
        <Attr Name="UsedIn" Val="simulation"/>
      </FileInfo>
    </File>
    <File Path="$PSRCDIR/sources_1/bd/K7_design_1/K7_design_1.bd">
      <FileInfo>
        <Attr Name="AutoDisabled" Val="1"/>
        <Attr Name="ImportPath" Val="E:/ryush/Documents/Project/Verilog/K7/K7_AD_DA_17.4/K7_AD_DA_17.4.srcs/sources_1/bd/K7_design_1/K7_design_1.bd"/>
        <Attr Name="ImportTime" Val="1564129007"/>
        <Attr Name="UsedIn" Val="synthesis"/>
        <Attr Name="UsedIn" Val="implementation"/>
        <Attr Name="UsedIn" Val="simulation"/>
      </FileInfo>
    </File>
    <File Path="$PSRCDIR/sources_1/imports/K7_AD_DA_17.4/K7_AD_DA_17.4.sim/sim_1/behav/xsim/fullRange_signed_80db_10kTo5MHz_FILTER.coe">
      <FileInfo>
        <Attr Name="ImportPath" Val="E:/ryush/Documents/Project/Verilog/K7/K7_AD_DA_17.4/K7_AD_DA_17.4.sim/sim_1/behav/xsim/fullRange_signed_80db_10kTo5MHz_FILTER.coe"/>
        <Attr Name="ImportTime" Val="1564288967"/>
        <Attr Name="UsedIn" Val="synthesis"/>
        <Attr Name="UsedIn" Val="simulation"/>
      </FileInfo>
    </File>
    <File Path="$PSRCDIR/sources_1/imports/K7_AD_DA_17.4/lowpassFIRfilter.coe">
      <FileInfo>
        <Attr Name="ImportPath" Val="E:/ryush/Documents/Project/Verilog/K7/K7_AD_DA_17.4/lowpassFIRfilter.coe"/>
        <Attr Name="ImportTime" Val="1564206363"/>
        <Attr Name="UsedIn" Val="synthesis"/>
        <Attr Name="UsedIn" Val="simulation"/>
      </FileInfo>
    </File>
    <Config>
      <Option Name="DesignMode" Val="RTL"/>
      <Option Name="TopModule" Val="top"/>
    </Config>
  </FileSet>
  <FileSet Name="constrs_in" Type="Constrs" RelSrcDir="$PSRCDIR/constrs_1">
    <Filter Type="Constrs"/>
    <File Path="$PSRCDIR/constrs_1/new/top.xdc">
      <FileInfo>
        <Attr Name="ImportPath" Val="E:/ryush/Documents/Project/Verilog/K7/K7_AD_DA_17.4/K7_AD_DA_17.4.srcs/constrs_1/new/top.xdc"/>
        <Attr Name="ImportTime" Val="1564298399"/>
        <Attr Name="UsedIn" Val="synthesis"/>
        <Attr Name="UsedIn" Val="implementation"/>
      </FileInfo>
    </File>
    <Config>
      <Option Name="TargetConstrsFile" Val="$PSRCDIR/constrs_1/new/top.xdc"/>
      <Option Name="ConstrsType" Val="XDC"/>
    </Config>
  </FileSet>
  <Strategy Version="1" Minor="2">
    <StratHandle Name="Vivado Synthesis Defaults" Flow="Vivado Synthesis 2017"/>
    <Step Id="synth_design"/>
  </Strategy>
  <BlockFileSet Type="BlockSrcs" Name="fifo_generator_in_ns"/>
  <BlockFileSet Type="BlockSrcs" Name="fir_compiler_0"/>
  <BlockFileSet Type="BlockSrcs" Name="fifo_generator_out_ns"/>
  <BlockFileSet Type="BlockSrcs" Name="clk_wiz_0"/>
</GenRun>
