<?xml version="1.0" encoding="UTF-8"?>
<GenRun Id="fir_compiler_0_synth_1" LaunchPart="xc7k70tfbg484-1" LaunchTime="1564297556">
  <File Type="PA-TCL" Name="fir_compiler_0.tcl"/>
  <File Type="REPORTS-TCL" Name="fir_compiler_0_reports.tcl"/>
  <File Type="RDS-RDS" Name="fir_compiler_0.vds"/>
  <File Type="RDS-DCP" Name="fir_compiler_0.dcp"/>
  <FileSet Name="sources" Type="BlockSrcs" RelSrcDir="$PSRCDIR/fir_compiler_0">
    <File Path="$PSRCDIR/sources_1/ip/fir_compiler_0/fir_compiler_0.xci">
      <FileInfo>
        <Attr Name="ImportPath" Val="E:/ryush/Documents/Project/Verilog/K7/K7_AD_DA_17.4/K7_AD_DA_17.4.srcs/sources_1/ip/fir_compiler_0/fir_compiler_0.xci"/>
        <Attr Name="ImportTime" Val="1564660257"/>
        <Attr Name="UsedIn" Val="synthesis"/>
        <Attr Name="UsedIn" Val="implementation"/>
        <Attr Name="UsedIn" Val="simulation"/>
      </FileInfo>
    </File>
    <Config>
      <Option Name="TopModule" Val="fir_compiler_0"/>
      <Option Name="UseBlackboxStub" Val="1"/>
    </Config>
  </FileSet>
  <FileSet Name="constrs_in" Type="BlockSrcs" RelSrcDir="$PSRCDIR/fir_compiler_0">
    <File Path="$PSRCDIR/sources_1/ip/fir_compiler_0/fir_compiler_0.xci">
      <FileInfo>
        <Attr Name="ImportPath" Val="E:/ryush/Documents/Project/Verilog/K7/K7_AD_DA_17.4/K7_AD_DA_17.4.srcs/sources_1/ip/fir_compiler_0/fir_compiler_0.xci"/>
        <Attr Name="ImportTime" Val="1564660257"/>
        <Attr Name="UsedIn" Val="synthesis"/>
        <Attr Name="UsedIn" Val="implementation"/>
        <Attr Name="UsedIn" Val="simulation"/>
      </FileInfo>
    </File>
    <Config>
      <Option Name="TopModule" Val="fir_compiler_0"/>
      <Option Name="UseBlackboxStub" Val="1"/>
    </Config>
  </FileSet>
  <Strategy Version="1" Minor="2">
    <StratHandle Name="Vivado Synthesis Defaults" Flow="Vivado Synthesis 2017"/>
    <Step Id="synth_design"/>
  </Strategy>
</GenRun>
